id,nom_complet,email,password
1,Amina bel Lilya,Amina.bel.Lilya@sante.dz,$2b$12$Tk6O/7d4IQZB1rs1nSeKZ.UBswLmhOhUtmKE0VR7GLM2N1l9OyaeK
2,Lakhdar bel Maria,Lakhdar.bel.Maria@sante.dz,$2b$12$Lgzxd0mGp172R0.pKLbbS.npGPXaSIn2BDMh0jHOAP8MxI6.mX7UK
3,Loubna bel Yasmine,Loubna.bel.Yasmine@sante.dz,$2b$12$20ZSqas8nporaj1w24IOVe/GwuKZC56ZWISN2C1Pm8hnXsKfOrKaS
4,Nesrine ben Allaa Eddine,Nesrine.ben.Allaa.Eddine@sante.dz,$2b$12$eIB539QbH1cEOIlr9AOOnuUJyUKXeJGjD9sfjK4Y5yi0vzC5Qvyzi
5,Zineb bel Omar,Zineb.bel.Omar@sante.dz,$2b$12$hE9cTuzMOHmSgy9KpxFQ2umL/ZJipapCvpGo6dq.CThnwJGAmzjVq
6,Nesrine bou Maria,Nesrine.bou.Maria@sante.dz,$2b$12$ZOCy4nFA7Ls5Ok/.2/czNOQ.pML3hHnTp9KQyajIVR4kKPiKLtVR2
7,Zineb bel Yamina,Zineb.bel.Yamina@sante.dz,$2b$12$3xFArZcg5btPjbxOAa8uge0xgBAnjBIHXKfHG9g6pYCXFrrKUcIiq
8,Zineb bou Amina,Zineb.bou.Amina@sante.dz,$2b$12$T5NnRAoO0H2XEijqBoxtoOVY9a3RaKxe/P8L19xCP7rPZQZOJPaK2
9,Akram ould Saliha,Akram.ould.Saliha@sante.dz,$2b$12$WITcwRf8LRhXt5YzJXsBwusMNX.S.c9enCMbRwSsQPYgPo26ahoC2
10,Ramzi bou Dhiaa Eddine,Ramzi.bou.Dhiaa.Eddine@sante.dz,$2b$12$zQn47Fc1LYaQ2qiTH12Rfe6VTJ4vCEek0PBGd70Y962LBh6AiQsIK
11,Akram bou Abde Al Bassit,Akram.bou.Abde.Al.Bassit@sante.dz,$2b$12$sjf9VRHxgErw3/ZhFeb4ZOhVW1PhajaTESNdyZRt1bukmfPVKAOuC
12,Youcef bel Chaima,Youcef.bel.Chaima@sante.dz,$2b$12$tfGkrM1GLqjkwshFKVibleFIP8wt9Q8qbE/kRTIg7Z/92KIiE.0hm
13,Zineb bel Yamina,Zineb.bel.Yamina@sante.dz,$2b$12$DadgPQlZtIispUYOYfkMdeY53rrITRE7l6TzTf8f.v7wpwhTTuO46
14,Dhiaa Eddine bou Mahdiya,Dhiaa.Eddine.bou.Mahdiya@sante.dz,$2b$12$cZOqNQL3QlAJbvt8jdgXLOYA/SG6xYVeHGoKSyMJScMmfymSWpOc.
15,Oussama ould Amina,Oussama.ould.Amina@sante.dz,$2b$12$hEQIW6ug8hsedumud8LMGe0WjC2jS9XH3/s0pg9HT0h5Dd.l.hcVK
16,Sara bou Aicha,Sara.bou.Aicha@sante.dz,$2b$12$6Pn5ST8.28JLLFzZQOb1duhtXLUZBX7uOvC0mK4r7Km/kvjrCGO56
17,Ramzi ould Kaddour,Ramzi.ould.Kaddour@sante.dz,$2b$12$49WyiYGXrJiN/08796hkOu/ew//DmxW0Vhc0nkKHqDxS8VZePUTsO
18,Omar bou Saleh,Omar.bou.Saleh@sante.dz,$2b$12$Lg2oE5HnPFCSSrkK4DiWHOuyFmdg3/F1wG2EVtlGvuFdE2nDXX8OO
19,Maria ben Juba,Maria.ben.Juba@sante.dz,$2b$12$EdesBMSVdiewNbBMBForWea.lQDfMVpeRhMs9U9jRnn3287LXKfN6
20,Haitham ould Hatem,Haitham.ould.Hatem@sante.dz,$2b$12$bD2ojo54PFWU25IpIckcGumYcLN9oWnh5NDVNALJPjMjk/17hyiSW
21,Amina ben Maissa,Amina.ben.Maissa@sante.dz,$2b$12$cu21ruNUDpGEn4AZFOQKveTYCGqmLsZSMqUIrEsPzlZQ.h8q8cdum
22,Oussama bou Mohammed,Oussama.bou.Mohammed@sante.dz,$2b$12$fL5Q4E556HTx2riPRGnLQOrUTMzwmOorkPrQ.hDy3MePwbaM/f76G
23,Lilya ben Yasmine,Lilya.ben.Yasmine@sante.dz,$2b$12$YBGOird8QQt23g//BuNIW.F0ezLnJJNHE1RK/KjGOQwSYLLvwHYEW
24,Feriel bou Abde Al Aziz,Feriel.bou.Abde.Al.Aziz@sante.dz,$2b$12$VL5gpk8pFIWtDIfgEnH8xOnC.f.UduX5lWMpX7.DL35vt9dP0/nWu
25,Zineb ould Mahdiya,Zineb.ould.Mahdiya@sante.dz,$2b$12$3c1IR3lQYUWtpUza5sRyTezKQkyMqrw.WIlgW4N1U0iquKpRsBHom
26,Loubna bou Maria,Loubna.bou.Maria@sante.dz,$2b$12$R5DiE9UdsLUppg8HLeVSnuKn6cPrEEHMp1oH.1RvKywyZKnUzpmpq
27,Dirar bel Mahdiya,Dirar.bel.Mahdiya@sante.dz,$2b$12$aRJHDrIcAiAJGeLDss8ow./3skObyd9bt/9S4Osa9HwTG3bc4CjuG
28,Foulla ben Youcef,Foulla.ben.Youcef@sante.dz,$2b$12$CG3K/HGMKqrk/XBQGrqK.epoGCIQDKoWIZYvYFu7R28zhtap/P3/q
29,Ahmed ould Allaa Eddine,Ahmed.ould.Allaa.Eddine@sante.dz,$2b$12$Tx/VHeHxA6.bKEwI4haMdefSz.AD9eDEVQDEmhwox9/T8MWzN.G5O
30,Sara bel Haitham,Sara.bel.Haitham@sante.dz,$2b$12$ezPsr3UInj6lVJvB2yYsaOaGeeeOO7PJdvV0ChIyfneJ1p2N8w9aW
31,Abde Al Bassit ben Aicha,Abde.Al.Bassit.ben.Aicha@sante.dz,$2b$12$ZSdBijeUJJ9O2WK/pwKj4OcjOJt3v9P00hnxllaVgvaPDQHAldjL.
32,Sara ould Sahar,Sara.ould.Sahar@sante.dz,$2b$12$eFBf9bbgVwIMEh86Q6f2tuDhwasYAxY0K7db/AYCd/ooXGZuu1w4C
33,Sohaib ben Sohaib,Sohaib.ben.Sohaib@sante.dz,$2b$12$PU0s.DUoYcGKMjIJaU46Def5Vv1DgD1VTTyntlJ.fFyQOuzYILk1e
34,Zolikha ould Amina,Zolikha.ould.Amina@sante.dz,$2b$12$phYGQcXxX76yuXb.M9jhTusZnDJ.7DpNWb373CLxu6/IMBYgl9tvW
35,Saliha bel Amina,Saliha.bel.Amina@sante.dz,$2b$12$VSGuwsGP1JgOV2hutuVyb.w9qU7phClO0N9qDFnY.EAh3nYzFYBx6
36,Karima bel Amine,Karima.bel.Amine@sante.dz,$2b$12$PSYUcPtZiu79fvhyc.wEAe0GC0Emg9yvoSPpgfI.xTevHWl5UoxWS
37,Nesrine ben Allaa Eddine,Nesrine.ben.Allaa.Eddine@sante.dz,$2b$12$mx52sqi65GND8csWRxn0fOW8UmT.7Ilv3L7T52U3Yjja5GzpAxu0S
38,Feriel ould Haitham,Feriel.ould.Haitham@sante.dz,$2b$12$viL2ykwPL5oIdITFfn9AIufgrCLSGz..teuLvFDe335NUdYBurk56
39,Imad bel Sohaib,Imad.bel.Sohaib@sante.dz,$2b$12$7qJRfubDMmdo76OtGRbuPuMDabu84VcEHjbtZ6TvWQ5.qHf72lDVW
40,Khaoula ould Mohammed,Khaoula.ould.Mohammed@sante.dz,$2b$12$KEJZnvrpGmZKH3oIM9kqVOMTKXZ0hYfZwFR5hLcLGKKziao1/3Zv6
41,Dirar bel Sahar,Dirar.bel.Sahar@sante.dz,$2b$12$7RjF/EGwT7WmkIM9bp9PwugWkAFh3OL6RLvWiHsAXMDE/TpaMwN6y
42,Abde Al Bassit bou Zolikha,Abde.Al.Bassit.bou.Zolikha@sante.dz,$2b$12$89BY6SIEUavW9e7.nP/V9uAX8uCEX04UhT8/iZAnAHVpNSZsZgubq
43,Saleh bou Sara,Saleh.bou.Sara@sante.dz,$2b$12$Z3wVUOAJ1RRVhBZLGtVZde6rXNNYxyyWiGTA/iwMYHOZ6RLYBueiK
44,Farah ould Akram,Farah.ould.Akram@sante.dz,$2b$12$xYIqN4GmvPLzgKouXx5XFeSCy/3PcfDX4Q7Jz9gKviV5oAuuYBsrO
45,Mahdiya ould Abdel Allah,Mahdiya.ould.Abdel.Allah@sante.dz,$2b$12$8tG74veWyNZwJzlhehok4eOoReDZ9O5b7gODVejE9ZmXE7.Abh8rK
46,Yousra bou Farah,Yousra.bou.Farah@sante.dz,$2b$12$f/CiF5CYTbq8/n3yXGhmTucISijiJ6RAOIZggqzXmt4/qHODnGNFu
47,Khadija ben Akram,Khadija.ben.Akram@sante.dz,$2b$12$6e3TWD7lN2uTUu9AA2WOhOfCSk3C9QmNXOjIScvjs1yGEHn6DE21y
48,Yamina ould Mohammed,Yamina.ould.Mohammed@sante.dz,$2b$12$4k3vRTx/rdSFgkLkm05zMOTIwL7ja8vufsGCI/rtPi2uUdnLtXK.S
49,Farah ben Yousra,Farah.ben.Yousra@sante.dz,$2b$12$KehhQYP2vOfsMTzeydn44O95OWEtd/FfW2Mp5.rIZD3bUu7O4M5fi
