id,nom_complet,email,password,centre_id
1,Nesrine ould Loubna,"['Nesrine.ould.Loubna@sante.dz', '$2b$12$0rN9bn6GEav5TMCz7bn1UuwU/wzIqS5hz13oIPaHG8NXEmBakQEIS']",56
2,Naoual ould Saleh,"['Naoual.ould.Saleh@sante.dz', '$2b$12$7z705iJywzA7JCyW26uA2OQhcoip/27iZ3MnRnotM..VTufUKQKk6']",448
3,Ramzi bou Ahmed,"['Ramzi.bou.Ahmed@sante.dz', '$2b$12$Gm/Xtq.uuT9wm8UKQ.pbIeAuPRG7NVOxCll1u2jW.BE/pac4.eJAW']",83
4,Mokhtar bel Yamina,"['Mokhtar.bel.Yamina@sante.dz', '$2b$12$kqvzCY35TA0Bb8bla/0Y.uLKvFJ.u./UgdstfM5QFc3yGiPWIadYC']",545
5,Kaddour bou Abdel Allah,"['Kaddour.bou.Abdel.Allah@sante.dz', '$2b$12$nm1sGJHibH.0Q2ApJvwU9uwRm7T.B8YkAPvpUg6cFkKcSE0GPIAhq']",361
6,Manel ben Manel,"['Manel.ben.Manel@sante.dz', '$2b$12$X2hRtH2ppjreFKMoozRGBuJUCRmwSbX7kPcCZ24B7wxycq/BfkiZS']",368
7,Khadija ould Roumaissa,"['Khadija.ould.Roumaissa@sante.dz', '$2b$12$Gq4YX1.9vAWRffcJqEBgn.PLGJSO8esbEvkjGqsI29gsWfwgymz6i']",546
8,Yasmine bel Saleh,"['Yasmine.bel.Saleh@sante.dz', '$2b$12$OTfz2LWgcU0XIWZZOq/m6OungwS3dI.vUs/6vJcDG2t04wDNC3X1G']",333
9,Melissa bel Maissa,"['Melissa.bel.Maissa@sante.dz', '$2b$12$80YGMReL8IDb7LGd3GG4ju7XlTNwXavdOhdJhDw2w7aU7M46PTXaC']",378
10,Yamina bel Allaa Eddine,"['Yamina.bel.Allaa.Eddine@sante.dz', '$2b$12$ju2J4Fhabl5bzx0W2SDPCODOhqAjWgOmYwioZ0TaD3EAwX0fJBERu']",234
11,Manel bou Yamina,"['Manel.bou.Yamina@sante.dz', '$2b$12$f2McC9/MG1BBqjaZQdzAtubRLPzkDs3bx5EICM5Q8YE13Wx4.FLz6']",423
12,Feriel ben Mokhtar,"['Feriel.ben.Mokhtar@sante.dz', '$2b$12$foVhtQi0EdTU0G6WyHHgl.ZvIBUGLZgUiqPMMH59K1F0wHZjotaZC']",98
13,Ramzi ould Mouslim,"['Ramzi.ould.Mouslim@sante.dz', '$2b$12$x/Cytwe3AmHWa22Y80N6aefLaLmHwY4fpLZYuVZn4ciKBfMlahfre']",52
14,Chaima bel Khadija,"['Chaima.bel.Khadija@sante.dz', '$2b$12$1FwJWhV/PJfVJGQRR2UxPOdtPHEB/og8ym.GxHefzBXCcgHWcUmeC']",165
15,Sahar ben Nesrine,"['Sahar.ben.Nesrine@sante.dz', '$2b$12$.rRXR/nqysZZpD4epd26PuayyuTyJkxkBwBYBpoymroX8nIRUeK.W']",122
16,Mohammed ould Omar,"['Mohammed.ould.Omar@sante.dz', '$2b$12$VP1A6PEKg/QoobW2lYnvq.eTcuoPNEkZpidpAfY8mpYEtyVG8Ll2i']",364
17,Zine Eddine bou Farah,"['Zine.Eddine.bou.Farah@sante.dz', '$2b$12$Q26YKTOtZ7yaU0jU8SD/ZeF.HbPnJi93VI4DVMVBMLAdatIq3efOm']",434
18,Karima ben Sohaib,"['Karima.ben.Sohaib@sante.dz', '$2b$12$cRMfAcofPB4ja02neV4IBOppHUPvocz8Lu0E7SAzwotppqFKYAxkm']",266
19,Sara bou Sahar,"['Sara.bou.Sahar@sante.dz', '$2b$12$RDD58IFrIAj5MVkQjtbHl.TpQ4kFIP7XXxMw4rEpw.7EXB6HWCGxi']",545
20,Melissa ben Yousra,"['Melissa.ben.Yousra@sante.dz', '$2b$12$zzI.MaRXwE1Gu2GiTEsNNO0N.K4xB/KqTW.9VHSVXtIX/FfQ84fJO']",467
21,Youcef ben Saliha,"['Youcef.ben.Saliha@sante.dz', '$2b$12$1COtCYZiJAgMMEEnFE9sqeU03qR5BW0DBohsYQ73nb5cLxQdzZ0DG']",255
22,Abde Al Aziz bel Farah,"['Abde.Al.Aziz.bel.Farah@sante.dz', '$2b$12$y1VFVvEGFMKkU5tC3qPqSOGQvl46sz8tAW/C5dNDz3hNVW2NvYUAe']",299
23,Hatem bel Loubna,"['Hatem.bel.Loubna@sante.dz', '$2b$12$18xyvqX0UsCeZdQ1oT5GU.hf7S8w9CMU5Yxu76EZ4H.N/rkPUn1jG']",188
24,Roumaissa ould Youcef,"['Roumaissa.ould.Youcef@sante.dz', '$2b$12$cRdZHETRBMi5vZGhQfKZn.jrnMzsjI.uzLn7DYMInu434u.DsVrf6']",320
25,Haitham bou Aicha,"['Haitham.bou.Aicha@sante.dz', '$2b$12$j81tc35OsHWfD7duPuSKdutkFV6u/riPqgD4vgtSyYpq2g1yOPunW']",199
26,Manel bel Sohaib,"['Manel.bel.Sohaib@sante.dz', '$2b$12$C0ZP6dSqAQHGKg5Xz4UfsO2yylt8ubM5DE1.HydYp/Tf7HES48U86']",295
27,Khaoula ben Mouslim,"['Khaoula.ben.Mouslim@sante.dz', '$2b$12$cNdQ/yhq3Ea9NS34z0RIz.HrQY1CMID./NKX6U3qdsWMqrPgfqlu.']",339
28,Amina bel Saleh,"['Amina.bel.Saleh@sante.dz', '$2b$12$Q7FGcd3iMToD.4tLWI1riO9olnRKAHFRPGnLNDs2mUDCSky0A6hN.']",280
29,Aicha bou Saliha,"['Aicha.bou.Saliha@sante.dz', '$2b$12$i4klcMA1K6/9q9p0Fj95vebf3mQN18mcCtTf6lQop9lbFA7VjuEOm']",426
30,Sara ould Allaa Eddine,"['Sara.ould.Allaa.Eddine@sante.dz', '$2b$12$UMIwlwvjSeX6fogFVudJIeQnvjRFpG1/W5FijSaIC33HKbo7GmTwq']",290
31,Zineb ben Haitham,"['Zineb.ben.Haitham@sante.dz', '$2b$12$Pc0cVBXvylUaiLKoS1S74uH0WqtC3T3rb3xXN.v3VTKD2nN.rurgu']",476
32,Khaoula ben Lakhdar,"['Khaoula.ben.Lakhdar@sante.dz', '$2b$12$OcMX69hUr7wTINebgNsscurUX7J1Fl8MAqYEGH98bLPFzPk0AqHLK']",340
33,Amine ould Roumaissa,"['Amine.ould.Roumaissa@sante.dz', '$2b$12$MoV4wTnA9UMxm.STygDb7u7bEJR8QvcaDT9KBrxvjXuHzzG8Kzfhq']",271
34,Maria ould Feriel,"['Maria.ould.Feriel@sante.dz', '$2b$12$HaAphNcT/5MIFsXMa0UrduUrtMUfaBugqVFku84oVoDHWUKlVKqXG']",298
35,Kaddour bou Ahmed,"['Kaddour.bou.Ahmed@sante.dz', '$2b$12$K8bFdYJ0jIlHDvoakA2jjeH7yAIrs/vtjVpcnshmImeTasGLImTbC']",98
36,Yasmine bou Nesrine,"['Yasmine.bou.Nesrine@sante.dz', '$2b$12$1jJhU6/165aiGm/B8RBSSeKFKTZignSTKooD0lVVrNMETJVKMyafe']",61
37,Zolikha bel Sara,"['Zolikha.bel.Sara@sante.dz', '$2b$12$tnSCy/9PnwM3gQfSrbHwpu2/zgVUeawjicsm6ymeUH0mjFMbSNV9m']",292
38,Omar bel Ahmed,"['Omar.bel.Ahmed@sante.dz', '$2b$12$ZAduptseq6qdRUKX0pRJNOwGVFDva6Fbut4OU5DDbQPN3Rw..XMM2']",67
39,Yousra bou Juba,"['Yousra.bou.Juba@sante.dz', '$2b$12$CSTM9wOK8Ph3hrTSe2uriu.mmDGU5cEmpjlBs8TPaZtlGa7rE23.G']",106
40,Aicha ould Younes,"['Aicha.ould.Younes@sante.dz', '$2b$12$2qQjPDQtOG.GF7FlkOpt/./XFyF6ISdmE9xanBb1vwhjqrGEGYhXS']",257
41,Youcef bel Dirar,"['Youcef.bel.Dirar@sante.dz', '$2b$12$Obf7tTD8LjSh/F0dJoHWiOmBCtmsKP81By0SlDYsBYVfBMBaKmy1u']",206
42,Hatem bou Oussama,"['Hatem.bou.Oussama@sante.dz', '$2b$12$c00nU147/jRfs77X616GU.KXum6vapfToLdvhLhmK0BsjYAqWlxpa']",268
43,Ahmed bou Mokhtar,"['Ahmed.bou.Mokhtar@sante.dz', '$2b$12$C4yjq5a8AnbwDQm.DE/wVu6BL8Ljk7PkOab10FFst6mFvquKPyJlK']",327
44,Omar ould Malek,"['Omar.ould.Malek@sante.dz', '$2b$12$C5OVlT9/Ssx5Ut60d7E3a.HP7FdxiEH6pjkDBGLUt6SR7Es9J/YpW']",545
45,Maria ben Zine Eddine,"['Maria.ben.Zine.Eddine@sante.dz', '$2b$12$ZPwMxwMGKhuoR8a.Tc.RS.YYJvHvs4UQLXsU3/TZXmOpUcoGRLdOm']",105
46,Akram bou Roumaissa,"['Akram.bou.Roumaissa@sante.dz', '$2b$12$7/q48RC32Rdcp298CEEVwuY0DOw0czriQTPjQ/svqO3.SybQrpzuy']",173
47,Oussama bou Sohaib,"['Oussama.bou.Sohaib@sante.dz', '$2b$12$F18OYVaEjvBk/eUGKmx.SO3CZIuFEsuMfrkivfKlME81X28.tcuxy']",242
48,Ahmed bou Farah,"['Ahmed.bou.Farah@sante.dz', '$2b$12$05DrFfSKmUc45MygLhXUyu9Y6KqsPYJ6xJzgQLSZTlM4nbdwkoG6e']",402
49,Yasmine ould Lakhdar,"['Yasmine.ould.Lakhdar@sante.dz', '$2b$12$dUeB.grIjtF8QBxsr3hyy.rWjJ4/7uv1UjvBiN4Oxt2HPUY3cU1fe']",529
50,Youcef bel Chaima,"['Youcef.bel.Chaima@sante.dz', '$2b$12$8d2ybdX4jjnzZLmx4mrZz.PGHYu/mEFEUhUUiEBVg3596ez2/ZGm6']",513
51,Younes ben Mouslim,"['Younes.ben.Mouslim@sante.dz', '$2b$12$4vo.m3be8us0dSFJI4V42.coF02UkFDn.CpXsV9A18B1EIAZu6VWm']",414
52,Amina ben Sahar,"['Amina.ben.Sahar@sante.dz', '$2b$12$xlAsyauDK.S6DyDCbMAnRuCYaIpCsEM3S.6MSwvdT1y6Oyk.REMHK']",512
53,Ahmed ben Akram,"['Ahmed.ben.Akram@sante.dz', '$2b$12$cOcotCZBliFhiPAMyuT0f.hNLBblRcOneAMAUcPlfmmdZkj7P5wdW']",518
54,Melissa ould Sohaib,"['Melissa.ould.Sohaib@sante.dz', '$2b$12$d61bXx8gtn2S1GQeADWpW.XT6eBeGrd6dXHLADNwf40NIapipoLhu']",261
55,Ahmed ben Abdel Allah,"['Ahmed.ben.Abdel.Allah@sante.dz', '$2b$12$JsP8t4uCyLbaSOtvUT01JudGnc778EfTxzE5nuxb6oordpHuHEGCO']",441
56,Zineb bou Farah,"['Zineb.bou.Farah@sante.dz', '$2b$12$bGR/fhevgMvX899WcTzVvet5gKM0GaUtH8E9dpy8CKx3lcbenjjfi']",300
57,Aicha bel Abdel Allah,"['Aicha.bel.Abdel.Allah@sante.dz', '$2b$12$kKi0ArSwy7OSNQ1E//7Q8uqplB2oXX9jxi8CKnhCXpv7vCbJhFH1a']",202
58,Sara ould Nesrine,"['Sara.ould.Nesrine@sante.dz', '$2b$12$F1RW7FUaRdbTizx8jaPTb.rBw6Kh9g65Ft1ib68Ufz2eOJq7pMfSq']",105
59,Farah bou Sahar,"['Farah.bou.Sahar@sante.dz', '$2b$12$BSaYISXnZVycCh47qS67SO2Zc/4Jakd0sAxWM.GxjPzxbbbW.A2LK']",349
60,Dhiaa Eddine bel Foulla,"['Dhiaa.Eddine.bel.Foulla@sante.dz', '$2b$12$y3zOiYJEg2HBA6U29/SRHu.jEgXcVJlcVbGDITFxWRz7lGHaTvgLu']",306
61,Juba ben Allaa Eddine,"['Juba.ben.Allaa.Eddine@sante.dz', '$2b$12$KwuTqA5O6hwpXQyE9I98UOnmy2Zw1A2UnGC5WBi3hHPEYlxKiSv8i']",361
62,Karima ben Malek,"['Karima.ben.Malek@sante.dz', '$2b$12$Tc1Q1m63WtYOu76CVfPX6.Cr3dHaJhtt98Fb5pUaT5VQmy7KPG2.2']",258
63,Naoual bou Maria,"['Naoual.bou.Maria@sante.dz', '$2b$12$hjqRTLI18NBM1NeKASzUhuZobMz67ReN1qZlgZrlaE5KSdKKykDce']",457
64,Malek bou Mahdiya,"['Malek.bou.Mahdiya@sante.dz', '$2b$12$KzF3ilM9sLlSNn9D/AickOf6tfTqlHkGYTPQ4wMWNLnKQdT700qoi']",472
65,Omar ould Sahar,"['Omar.ould.Sahar@sante.dz', '$2b$12$jpuvXYBWZ76/ninm7qFYye1TQodUPxgFMP1f5SOBFEUU.mV8tNW7G']",515
66,Nesrine bou Foulla,"['Nesrine.bou.Foulla@sante.dz', '$2b$12$7HJOV4M9IH1qAgUKwgI6segfMxu527kCBXN056nTSPN21x5QoRTdi']",264
67,Amina ben Zine Eddine,"['Amina.ben.Zine.Eddine@sante.dz', '$2b$12$uP3O3ZDqsmo4q6ekaLAZU.BFbqq2/KVHZKZIfYnWi5YoO1HnmS.TW']",329
68,Zolikha ould Youcef,"['Zolikha.ould.Youcef@sante.dz', '$2b$12$f/uCa6ME9rzXjuE.YKy.ruaSxuFQ91QrA9SR5HTq9AI9iyWKrtjL6']",349
69,Khaoula ben Roumaissa,"['Khaoula.ben.Roumaissa@sante.dz', '$2b$12$1/P6AyBqxqN4.5Cqi46bSevSAAZzd8yYwyz2oA4kTbBq2EpWl4.W6']",340
70,Imad bel Mouslim,"['Imad.bel.Mouslim@sante.dz', '$2b$12$5iRGKW8nwOlMOQ1rtrqzruKZ1keELHp7tAcQufJs.tLE7eaA0XA2C']",374
71,Feriel bou Imad,"['Feriel.bou.Imad@sante.dz', '$2b$12$vVq51prt7M2m3NEP0.pr.OdMCxX3ucfh1rS9uGmrdXMLQV2qlla.S']",348
72,Younes bel Sohaib,"['Younes.bel.Sohaib@sante.dz', '$2b$12$qrzWeWYTGPKmaZ62/VvoZ.YsY8NpWvHdLaEDw8wVO6PDhdLm7wMNG']",74
73,Naoual ould Mokhtar,"['Naoual.ould.Mokhtar@sante.dz', '$2b$12$Wo7kAm8ozDGARhgtdm6wfu2nwfIcV3dXAIojjVyU9ZbALFnLxiD62']",355
74,Saliha ould Sohaib,"['Saliha.ould.Sohaib@sante.dz', '$2b$12$OQBGNOo7mDV/.EtBvgjHZ.ysPiDHVX2yprdgAW69S9Galf/1LSqEy']",60
75,Naoual bel Imad,"['Naoual.bel.Imad@sante.dz', '$2b$12$oj3Hb1EPNcNmp2xYgvFWbu5cCqCCHWDG62r.q.GUTPUGbDVQnjVve']",170
76,Abdel Allah bel Melissa,"['Abdel.Allah.bel.Melissa@sante.dz', '$2b$12$airFthTshf9KjyQWb5nhWeHB2sHkNZUDi5oaoxO8JvHfmy01kPqQS']",493
77,Aicha ould Chaima,"['Aicha.ould.Chaima@sante.dz', '$2b$12$SM2ykJrb/10xqyF.6687aeqNuIb50c3MrVlrjQYmdGAtzmtgBKiDq']",384
78,Saleh bel Yamina,"['Saleh.bel.Yamina@sante.dz', '$2b$12$yy6oP5E9L1icfYNnnWnz3Ootrgos7tEPiV253m3friALST.fje1Ri']",361
79,Akram ould Lakhdar,"['Akram.ould.Lakhdar@sante.dz', '$2b$12$IdawBYSA/ps5D0wpluVnN.U2w.rWVWr.SewHFc0m04vvTPJZQLHha']",238
80,Dhiaa Eddine ould Hatem,"['Dhiaa.Eddine.ould.Hatem@sante.dz', '$2b$12$GM3WfwrlLg9/KXaQCnvT6etX5U0LGReevVRH5M9MKqVJXjKQHALlq']",413
81,Youcef bel Chaima,"['Youcef.bel.Chaima@sante.dz', '$2b$12$jAVRipluyRoYH5z9K15P9uuheoLX0CI8bXxVcCIwpAjysYvw43wPq']",226
82,Kaddour ould Sahar,"['Kaddour.ould.Sahar@sante.dz', '$2b$12$RBKfsjICi5ZI5ndaH4z/geNF/N1tniWX7wNm7w/e5UNrvnk.BukjC']",499
83,Amine ben Hakim,"['Amine.ben.Hakim@sante.dz', '$2b$12$IA5q5BU4MdgtDPSaqYHSJebANJf3RrVlPPnPY.EZw8pIy5JKk8UZm']",162
84,Aicha ould Mohammed,"['Aicha.ould.Mohammed@sante.dz', '$2b$12$Oz2iBR72fIBG6V5.AdAR1uKn0CL/dvn3sGS321e8dRpOBItOzWFKq']",16
85,Abde Al Aziz bou Feriel,"['Abde.Al.Aziz.bou.Feriel@sante.dz', '$2b$12$t8Z94LaFzHVvElh1N1kMCOPDUNzI8ekSdIMEnMu4vkJWAPuWpOzym']",281
86,Akram bou Younes,"['Akram.bou.Younes@sante.dz', '$2b$12$VSEhsvVX9AqRHk3cvZDcJOufmb0xpTDbezEoFzVpt36x96Z8fAPc6']",337
87,Akram ben Naoual,"['Akram.ben.Naoual@sante.dz', '$2b$12$1XpntRmpQFj5X4gbPlJGWeWHWDK3RHP//XBIDCjhQ93m.M2d45dFG']",284
88,Sohaib ben Manel,"['Sohaib.ben.Manel@sante.dz', '$2b$12$9PBBj/LoJ0cyenfMqNnC2eTvFugZi0IDZg..ePFQxJ8NIiExAec.K']",413
89,Feriel ould Chaima,"['Feriel.ould.Chaima@sante.dz', '$2b$12$3jWXFeBfXfaR89eMZsP9YO1fFnS2JfCdBCaKEmbnB3oXpRMhv.wSm']",14
90,Karima bel Ahmed,"['Karima.bel.Ahmed@sante.dz', '$2b$12$qlDqce8f1qkfctYTdUPTKeSmjxffhunVFXhXazqijJSEdf.w48yKm']",374
91,Akram ould Khaoula,"['Akram.ould.Khaoula@sante.dz', '$2b$12$2mZMS/ASrKSiR0RffydMWeIVAU6dsF0NTTT.7FEMSXfyoQpXPyuK.']",417
92,Abde Al Aziz ben Allaa Eddine,"['Abde.Al.Aziz.ben.Allaa.Eddine@sante.dz', '$2b$12$FGZv748Xe1NMo1c2xCzYtueaFIewxHU0LUuRx.u0uwNQURsmiofEi']",161
93,Kaddour ben Melissa,"['Kaddour.ben.Melissa@sante.dz', '$2b$12$MT/L4CB6fv6um3RRpht18u.HplMDCXYxR/v2zVD79gyxuD6LbY6lC']",372
94,Karima bel Allaa Eddine,"['Karima.bel.Allaa.Eddine@sante.dz', '$2b$12$mcwEypUtoGuBU0Umh3Y0v.73TLNhUnB9tWTeKK1X62GRMKf0QiEcu']",397
95,Amina ben Allaa Eddine,"['Amina.ben.Allaa.Eddine@sante.dz', '$2b$12$CPPQAyzols4m8XrCE0wDTOOunChVF0m3YINwyDBebU5unDVirVFOS']",7
96,Amine bel Karima,"['Amine.bel.Karima@sante.dz', '$2b$12$DtI2yh8S3K070UkQ0JF1x.9qZZHGYya59xz3drNQ6wvgQNb.tBUXy']",10
97,Amine bel Youcef,"['Amine.bel.Youcef@sante.dz', '$2b$12$MKEuqGb23UawIDNmLs9Tqeh3lYPV0S54lCIc7Q29ey/f0eXFK0IO2']",119
98,Maissa ould Amina,"['Maissa.ould.Amina@sante.dz', '$2b$12$ou0u43Ub2.rLjk5Fh238UeMbB7AbivbvUbr4jnkGISHGp7eTQ/QUW']",302
99,Sara ould Chaima,"['Sara.ould.Chaima@sante.dz', '$2b$12$sYtBoGv5GAYJtAClfUPuGOZ.HSWqS4bHd/G55vOYCVNHR51DM8xBG']",316
100,Zolikha ould Khaoula,"['Zolikha.ould.Khaoula@sante.dz', '$2b$12$XhUQQ9qOUXqrHKhDGW3OEuaReqnVAcf/23bgM8hzgPwk01Amn2v.y']",268
101,Malek ould Lakhdar,"['Malek.ould.Lakhdar@sante.dz', '$2b$12$piMdDSUQr.yI55OgCr.Ng.LQ4jMuLKuTTUFUqCkrQQ25VfIA4zAeW']",411
102,Maria bou Chaima,"['Maria.bou.Chaima@sante.dz', '$2b$12$TBLlIuieRzRLR1C.A6lJZe9qxbzEydFnRMFHy/79FoqyxZxA02QAu']",149
103,Ramzi ben Imad,"['Ramzi.ben.Imad@sante.dz', '$2b$12$AwBCQhKPqUhPVERkTOwox.YwhMLqLoFRb6.2I37PkUJqc04hZlL4G']",215
104,Abde Al Aziz bel Sahar,"['Abde.Al.Aziz.bel.Sahar@sante.dz', '$2b$12$fZePBIv8VhWzfR2xWoHPGO3u20lGdcRtbcxPr/EG4BIjs8Yj/9eYi']",206
105,Yousra ould Feriel,"['Yousra.ould.Feriel@sante.dz', '$2b$12$WKaahdenvhxiZe/FWHrtxeyeZ.fZdljVKa8z/Aqr.O7h/LtPry13O']",400
106,Mahdiya bou Allaa Eddine,"['Mahdiya.bou.Allaa.Eddine@sante.dz', '$2b$12$cvJeLAyvgeKKEdFFnISErumWUiHiC2K5o6tXyNW2OYE.rpLPwYNB2']",326
107,Dhiaa Eddine ben Saliha,"['Dhiaa.Eddine.ben.Saliha@sante.dz', '$2b$12$f2fUtVAitRCOxAGEFoNaieUbANWnb8IgeJXWOWbVOlTlAafZX2Y4q']",324
108,Loubna bou Zolikha,"['Loubna.bou.Zolikha@sante.dz', '$2b$12$cbqtGEESPazHv2mFpxWyxuUYxBwnXaD0o6GqVvZsdAvoU1blsFmSC']",190
109,Karima bel Saleh,"['Karima.bel.Saleh@sante.dz', '$2b$12$yDzzASbXhX61/droRf8d0uTW.5DqkI6PNIbnR7cVw7YQrTaZEqM36']",353
110,Haitham ould Amina,"['Haitham.ould.Amina@sante.dz', '$2b$12$w232vQ3pqVSuw7SS2fycieUWX2qG2TAXYMIlcD9wuQ5.aAGGFAi0.']",110
111,Mouslim bel Mouslim,"['Mouslim.bel.Mouslim@sante.dz', '$2b$12$CNFztbSBQ8KFPTQ6hzNYpOaymHx0UFr84VgehMwhZ9/P9YbVi7IFC']",69
112,Lakhdar bel Loubna,"['Lakhdar.bel.Loubna@sante.dz', '$2b$12$7OJJnMqSyndNddC.UWP17umDBQz1f.dyoW8cGKhaFi1A3SNJdnuZW']",213
113,Ramzi bou Maria,"['Ramzi.bou.Maria@sante.dz', '$2b$12$jtyivaC.mEq2Pdh1XVMPBuPfIWfvOSFgo9Q8TK8ABKaYkGRUCFw6C']",390
114,Aicha bou Sohaib,"['Aicha.bou.Sohaib@sante.dz', '$2b$12$MHVZmYDE2EsRn3W5l3cB6.lwXblTjNJKk0Fvlip1MCkkJ2drj2cem']",50
115,Maria bel Feriel,"['Maria.bel.Feriel@sante.dz', '$2b$12$32V.JgkORH3ljZX2GRq0M.MobWUf4lExnVMhw6DQQBycdnYdt.sEi']",290
116,Mokhtar bel Dhiaa Eddine,"['Mokhtar.bel.Dhiaa.Eddine@sante.dz', '$2b$12$Dv3lVxPw67y13zz267lPveeNuyIPAb.6Q41J5E5jBtv0uxCVsE6ke']",373
117,Zine Eddine bel Mahdiya,"['Zine.Eddine.bel.Mahdiya@sante.dz', '$2b$12$jO1eZDiw74IZW48AHGxjMuSF3I3DMbKWbCnqCFcdhbHjVBVO1Vh3a']",307
118,Maissa ben Zineb,"['Maissa.ben.Zineb@sante.dz', '$2b$12$.XoTiZK8IInRYcuaNaniq.4s9aBRZ5Ox1sESkVj327ptAgKkSarL6']",79
119,Malek bou Amine,"['Malek.bou.Amine@sante.dz', '$2b$12$/VBjVn1USBvTs0KBVOY4ZOkm57ZOOrQD7Xmib2bsQbjLBI3wDQoRq']",448
120,Khaoula ben Naoual,"['Khaoula.ben.Naoual@sante.dz', '$2b$12$t6by5Hynf6.Y7LsgeMI.4.f7pObleg2Lief8qD7jluZcEnVf.rlVC']",432
121,Loubna ould Omar,"['Loubna.ould.Omar@sante.dz', '$2b$12$GODKyNecRaEUYsYwQ9CT3OP5EKDQm28xZ940M8VvYlR/eLa6lZbOC']",407
122,Nesrine bou Dirar,"['Nesrine.bou.Dirar@sante.dz', '$2b$12$nyEmEv6UmyRjL8QG4aUobOU2G26kRLDq7I2WHe8.v2PK/ftf724wm']",141
123,Dirar bel Zineb,"['Dirar.bel.Zineb@sante.dz', '$2b$12$0X.OmC0RJ4TxCUm78/8z/.fUhoFDzzliROqyxbFcMptqAM94JsAgW']",348
124,Maissa ben Feriel,"['Maissa.ben.Feriel@sante.dz', '$2b$12$GS4c2eM32GlllIQ8BqBrreZVDTEHusflZj0SIZGf3cWwUgc3MEbZa']",255
125,Sohaib bou Sohaib,"['Sohaib.bou.Sohaib@sante.dz', '$2b$12$alJ2VD0YQAcq09e0TD9RkOcFp5U/6hn7pfp5u2I9u.MFT61j.8hmu']",208
126,Mohammed bou Amina,"['Mohammed.bou.Amina@sante.dz', '$2b$12$nC3WsIdbbILs/MZwV970Eel4HR5.UYkwh0y5R2rxSrjqsnIufLeIy']",275
127,Juba bel Abdel Allah,"['Juba.bel.Abdel.Allah@sante.dz', '$2b$12$URnLlBelTLliDRbXCr3n4OSP5GWFm7KC4uLoacDoAah9OgLPBQuMS']",146
128,Dhiaa Eddine bou Farah,"['Dhiaa.Eddine.bou.Farah@sante.dz', '$2b$12$E6vuH9M95NvTDnygYfxlyOoEtHs7BWZjgLu3dEKELzIkZqzAYanAa']",479
129,Yasmine bou Zolikha,"['Yasmine.bou.Zolikha@sante.dz', '$2b$12$6XMQBt0l.CknGTzuOiWWHuM8WuSYXmaAFIv550Md4REmpvbNNJwi2']",121
130,Saliha ben Khaoula,"['Saliha.ben.Khaoula@sante.dz', '$2b$12$C77p29Rdtl2EyTc4nJfZOeCop9Qw1LoQdCVcAxeOVBF2t6Bb6Q.8.']",192
131,Zolikha bou Sohaib,"['Zolikha.bou.Sohaib@sante.dz', '$2b$12$RZYjpFxQ58LA9JgEySK1Z.SVrmfCbEZzFhjqSjJj8klQLmGVB3tsW']",171
132,Lilya ould Lakhdar,"['Lilya.ould.Lakhdar@sante.dz', '$2b$12$/UwK0BT8YLoqwdkQ1hGXZeKXP/ij6/6PZkI/7/Kp8MTscGNaybXvG']",247
133,Haitham bou Imad,"['Haitham.bou.Imad@sante.dz', '$2b$12$S30FKdu5uiZtcEMASb86P.WVQp6GRQkLGdlFE1/KsNyRGw.lHYv1.']",256
134,Allaa Eddine ould Hakim,"['Allaa.Eddine.ould.Hakim@sante.dz', '$2b$12$nLg6dRULx4DPxPTmP7rJYOtNWFiuPvBP2aBbiW3MLAnGVjA7r3uTe']",523
135,Mokhtar bel Sahar,"['Mokhtar.bel.Sahar@sante.dz', '$2b$12$DKRMUt/A7F6ReKisxNZ1LOhnaZI7qTdPfq0tSWbGS.Br4/d.Amj9m']",324
136,Mohammed bel Youcef,"['Mohammed.bel.Youcef@sante.dz', '$2b$12$qpVTc2HvuC8./wgXTsX5seg39NYcdaOOfMq7diJDIg48/SIti5vxO']",441
137,Ramzi ould Malek,"['Ramzi.ould.Malek@sante.dz', '$2b$12$bKjwcyA6mHRv/TsPc9mZP.2DTBgIYkXo2wtNBLL/HhJN2duxVrkHu']",157
138,Mokhtar bou Khadija,"['Mokhtar.bou.Khadija@sante.dz', '$2b$12$MpwAHumm4L9CTAXnt56ft.lNTunNb67lK7Nq4EpYw4ZRic2EeBPE6']",60
139,Zine Eddine ben Dirar,"['Zine.Eddine.ben.Dirar@sante.dz', '$2b$12$ojBjmrqaI5Bl.CyVNE1HDexbEJ3tBwFBZjOfOIJHM/WgkkK0NajpC']",284
140,Dirar bel Nesrine,"['Dirar.bel.Nesrine@sante.dz', '$2b$12$VPXTM21bllRo0IX5SnOLmOz5NbfCAR5ZVvCyxEtYz8HvXamIaqoQG']",47
141,Allaa Eddine ben Sohaib,"['Allaa.Eddine.ben.Sohaib@sante.dz', '$2b$12$9xdARmkDOGfODVRUUhPgw.FoNsBWzkZiCe6TGFjKq.j7WN2DnAnH2']",67
142,Imad ould Ahmed,"['Imad.ould.Ahmed@sante.dz', '$2b$12$b4zR.RxdZwy/JoDb1e5dlu9UOugUP6ch1FJKxg6DbfGaXO5Tynfra']",91
143,Ahmed bel Karima,"['Ahmed.bel.Karima@sante.dz', '$2b$12$cyumTnN1V97fzwMU1HhqtuHvPtyN.faUdPcWNhXWZzXa1iact/8XO']",97
144,Hakim bou Foulla,"['Hakim.bou.Foulla@sante.dz', '$2b$12$le2brgYXfFFNNHRU88sjtuQoJ6pZBYyDXs.WvwICtjsEzR5VExAUG']",124
145,Omar bel Imad,"['Omar.bel.Imad@sante.dz', '$2b$12$RXv01ZzLZOW1USA6IF7ibuVm7EuygNTUnkpym3D1KcHEVSneBy.7K']",36
146,Allaa Eddine ben Zolikha,"['Allaa.Eddine.ben.Zolikha@sante.dz', '$2b$12$Pk6je03y4ZlDyHRpAdXZ1eUpiMXOhpTP8R03N/ZdiJYCqoamEZ2Ge']",210
147,Akram ben Oussama,"['Akram.ben.Oussama@sante.dz', '$2b$12$IQ3mIzKSMAPGBkayAsEjwu/nE1oNKVDh1pV/dCD6I9jTEqA8TV7Pe']",437
148,Mokhtar ben Khadija,"['Mokhtar.ben.Khadija@sante.dz', '$2b$12$gtdsGiye6X4JQ1OD1es6meHs2QzFbcBk8fXzsI61K6ZC7tLY3PySG']",473
149,Naoual bou Melissa,"['Naoual.bou.Melissa@sante.dz', '$2b$12$09KIAIf5YeEBp/eykttbzOhVGZmHL6KllDhH5TMncD2rMBQCLtChm']",143
150,Younes ould Hakim,"['Younes.ould.Hakim@sante.dz', '$2b$12$vq4kbJWC0zlmB9SbM3ykweVBPYmHVrMTdPlbsTZzBqx6Bujc8RuhC']",334
151,Khadija bel Oussama,"['Khadija.bel.Oussama@sante.dz', '$2b$12$4uEwJ0BON51W59W2vS2YbetB6mtMLJtbM79folRICb0x87P7kd1eG']",332
152,Ahmed ben Khadija,"['Ahmed.ben.Khadija@sante.dz', '$2b$12$AU3t5eo/IBeirnKWTs6aY.olZWuQ1BQFOlgvdmD0fur0nkPODGnEK']",299
153,Naoual bou Lilya,"['Naoual.bou.Lilya@sante.dz', '$2b$12$ajyPp6AWpcEBTl7mLOO2ZuyQZukHLXNsZiIb8KDsUsQPkc9PNdE2q']",504
154,Dhiaa Eddine bou Ramzi,"['Dhiaa.Eddine.bou.Ramzi@sante.dz', '$2b$12$wiQDofqvDW3cZ6F7cOOH5.vUat/BSk6ZXR6lNAx3QEoz31U5wCyiu']",88
155,Abde Al Bassit bel Malek,"['Abde.Al.Bassit.bel.Malek@sante.dz', '$2b$12$aEQKJiOqSgZXFc44eRGC3.BWKiqBlC/Obb.Uz.BeezSzpLnbOu01.']",507
156,Younes ould Mohammed,"['Younes.ould.Mohammed@sante.dz', '$2b$12$Cc0tBa/9clTQv4dF0qe1xORBXl4JbZjZwgT/uKJdkm8zoCDVXYQ3K']",252
157,Allaa Eddine bou Allaa Eddine,"['Allaa.Eddine.bou.Allaa.Eddine@sante.dz', '$2b$12$fC9ZaCm/ba5eGg57ylSM5ey4VMyBP5.JbbaUFhAbPpvDZOXNbI60G']",243
158,Abdel Allah bel Zine Eddine,"['Abdel.Allah.bel.Zine.Eddine@sante.dz', '$2b$12$mlWFdPqa0Z0cLb8Fz8Cb6uJ4E0ZNcSJasmIbiC89oO.KVhTLQgVNq']",144
159,Amine bel Lilya,"['Amine.bel.Lilya@sante.dz', '$2b$12$nC7x6ZhlmkXu55bt9uduH.id4fW4Lepb19S7griUHLw55.bVJbluG']",226
160,Younes bel Maissa,"['Younes.bel.Maissa@sante.dz', '$2b$12$GHpcAFr7Z9pDRSsr983.yeMwMfmG4cZSyOOx.KM2OquDH0NZuW78C']",40
161,Youcef bel Sara,"['Youcef.bel.Sara@sante.dz', '$2b$12$ibk4M0hGsWam3qqaEhPdQ.Kj8YgtHnkZStaS5IbgmCr7YNQzN/a0q']",352
162,Maissa bel Ramzi,"['Maissa.bel.Ramzi@sante.dz', '$2b$12$x5ODdAvD/5EH1Yfh2taT1.szZLXfE312q94ytJuzPVp6uZz6mGwDW']",239
163,Feriel ould Malek,"['Feriel.ould.Malek@sante.dz', '$2b$12$DIJkoS3gnsRWKZSU2GGiIOA1UK.gsey1GMyMzrbn5dJb6Cz6R/Sqe']",219
164,Abde Al Aziz ould Amine,"['Abde.Al.Aziz.ould.Amine@sante.dz', '$2b$12$BaLp1Ot.rKJTlWVtqu4fkuYrPgKasNLQ1F4gZmDyaWzHWPf2HF.3S']",124
165,Akram bel Sara,"['Akram.bel.Sara@sante.dz', '$2b$12$ThcX4XmJzXJ4qRrzsr0EZeZntjHG0vUo8K303IeUPiurJO/9PPflq']",251
166,Dirar ben Oussama,"['Dirar.ben.Oussama@sante.dz', '$2b$12$5X.lBljJn3weAsLDGRwG4uQ.txkLo/nWMGxo0mEsrLggc0SKF0n.a']",313
167,Zineb ben Maria,"['Zineb.ben.Maria@sante.dz', '$2b$12$M.rxt/qrwDkXSRivIZuC9.sFfzvPXyBwBlLcqObEHEPxynNmpVYly']",143
168,Yasmine bel Khadija,"['Yasmine.bel.Khadija@sante.dz', '$2b$12$QaDVOfnJnx9W/yhJquJeTOXDJcwaZL5MeGkAnRxj3J89BgiZBVp.O']",120
169,Zineb bou Mokhtar,"['Zineb.bou.Mokhtar@sante.dz', '$2b$12$VJfd7k09b51mtrMKjZCnXuBu/M47OU4F60BFQd8DGYJ0P1PFsu8Wm']",269
170,Melissa ould Ahmed,"['Melissa.ould.Ahmed@sante.dz', '$2b$12$ptV/RKO7el1sHnP66l1qCessCuxFp7lJ71gFM3XYsyPn1iiDFfbqC']",347
171,Yasmine bou Akram,"['Yasmine.bou.Akram@sante.dz', '$2b$12$Zk.nVw9Z90SBoIsjp1D1gePiM9WD2VFpBdwCx2FoOL9k9lVSV7wXe']",482
172,Hatem ould Mahdiya,"['Hatem.ould.Mahdiya@sante.dz', '$2b$12$XsDAo2DVYGNPRhWJ2f2wCeiTgeseB80HUJuV0PB.2A8CXarJdAe8e']",101
173,Sahar ould Mohammed,"['Sahar.ould.Mohammed@sante.dz', '$2b$12$W.suYXxnMudk6APqA/HHYuGFKYJrZuCk6zrjn5jCiUHXQSsi1q/AW']",62
174,Feriel ben Omar,"['Feriel.ben.Omar@sante.dz', '$2b$12$q1Eety36UXPBiobWVKbdSOkXn9Zhm1oZFRQZrfomUPGvcELsZ/hrK']",130
175,Melissa ould Naoual,"['Melissa.ould.Naoual@sante.dz', '$2b$12$pkLti1LVSn.ci/XgqRUQHO3BXqPdzvJVgQo8GJZJQ0hn.EC4K72Ge']",486
176,Ahmed bel Hakim,"['Ahmed.bel.Hakim@sante.dz', '$2b$12$Gk.2zl4B7IH1K4BG7X9ulO5BgrIUG/PKHJRpmQH30IpA.62VFHsf2']",366
177,Maissa ould Younes,"['Maissa.ould.Younes@sante.dz', '$2b$12$RfMhIXZM0V6/cU3nBYegKeZ9N7pVD1.vBH.Q3SdJLrnM8ILXQz1Ca']",117
178,Mouslim bou Chaima,"['Mouslim.bou.Chaima@sante.dz', '$2b$12$rREvl5TvB5dWFtyWjXCb7.TqgvarQPzPX4.YUbc6SIijsWfXEnIiO']",330
179,Sohaib ould Melissa,"['Sohaib.ould.Melissa@sante.dz', '$2b$12$ns9HT64NT7ob3clP1o1J4.63UN086DdF2tulWytQ/WMesEoNeYyuW']",205
